{"cameraMode":{"drawMode":0,"name":"Shaded","section":"Shading Mode"},"sceneLighting":false,"audioPlay":false,"sceneViewState":{"m_AlwaysRefresh":false,"showFog":true,"showSkybox":false,"showFlares":true,"showImageEffects":true,"showParticleSystems":true,"showVisualEffectGraphs":true,"m_FxEnabled":true},"in2DMode":false,"pivot":{"x":-0.45847463607788088,"y":2.4359941482543947,"z":-0.8537013530731201},"rotation":{"x":0.05142730474472046,"y":-0.9414570331573486,"z":0.1684006303548813,"w":0.287515789270401},"size":3.2445342540740969,"orthographic":true}