{"cameraMode":{"drawMode":0,"name":"Shaded","section":"Shading Mode"},"sceneLighting":false,"audioPlay":false,"sceneViewState":{"m_AlwaysRefresh":false,"showFog":true,"showSkybox":false,"showFlares":true,"showImageEffects":true,"showParticleSystems":true,"showVisualEffectGraphs":true,"m_FxEnabled":true},"in2DMode":false,"pivot":{"x":-0.021767497062683107,"y":-0.17499998211860658,"z":-0.01737987995147705},"rotation":{"x":0.11117739975452423,"y":-0.7313900589942932,"z":0.12291310727596283,"w":0.6615420579910278},"size":2.045780658721924,"orthographic":true}